<Backups xmlns="http://www.microsoft.com/GroupPolicy/GPOOperations/Manifest" xmlns:mfst="http://www.microsoft.com/GroupPolicy/GPOOperations/Manifest" mfst:version="1.0"><BackupInst><GPOGuid><![CDATA[{23A4F99A-6598-4689-841A-D0167CB6E7B5}]]></GPOGuid><GPODomain><![CDATA[SCA.org]]></GPODomain><GPODomainGuid><![CDATA[{3a7c9f4c-d912-4f75-9bb2-8948f07b9b27}]]></GPODomainGuid><GPODomainController><![CDATA[WIN-118D2CCPPPT.SCA.org]]></GPODomainController><BackupTime><![CDATA[2017-01-31T17:38:04]]></BackupTime><ID><![CDATA[{BA1914DC-EFA0-411F-A162-8E6378A0861C}]]></ID><Comment><![CDATA[]]></Comment><GPODisplayName><![CDATA[CIS Microsoft Windows Server 2012 R2 v2.2.1 MS L1]]></GPODisplayName></BackupInst></Backups>