<BackupInst xmlns="http://www.microsoft.com/GroupPolicy/GPOOperations/Manifest"><GPOGuid><![CDATA[{B1FD9775-69D5-47EE-B361-1F7405EFF252}]]></GPOGuid><GPODomain><![CDATA[SCA.org]]></GPODomain><GPODomainGuid><![CDATA[{3a7c9f4c-d912-4f75-9bb2-8948f07b9b27}]]></GPODomainGuid><GPODomainController><![CDATA[WIN-118D2CCPPPT.SCA.org]]></GPODomainController><BackupTime><![CDATA[2017-01-31T02:21:05]]></BackupTime><ID><![CDATA[{07A0B4BC-6E2A-4A35-9626-58F3E6DB18D6}]]></ID><Comment><![CDATA[]]></Comment><GPODisplayName><![CDATA[CIS Microsoft Windows Server 2012 R2 v2.2.1 User Settings L1]]></GPODisplayName></BackupInst>
